{"text": " Transcription test, 1, 2, 1, 2.", "segments": [{"id": 0, "seek": 0, "start": 0.0, "end": 4.4, "text": " Transcription test, 1, 2, 1, 2.", "tokens": [50364, 6531, 12432, 1500, 11, 502, 11, 568, 11, 502, 11, 568, 13, 50584], "temperature": 0.0, "avg_logprob": -0.6604864756266277, "compression_ratio": 0.9117647058823529, "no_speech_prob": 0.09241189807653427}], "language": "en"}